threshold,precision,recall,f1,accuracy
0.05,0.12878787878787878,0.8095238095238095,0.2222222222222222,0.6210191082802548
0.06,0.136,0.8095238095238095,0.2328767123287671,0.643312101910828
0.07,0.12931034482758622,0.7142857142857143,0.21897810218978103,0.6592356687898089
0.08,0.11711711711711711,0.6190476190476191,0.19696969696969696,0.6624203821656051
0.09,0.12149532710280374,0.6190476190476191,0.203125,0.6751592356687898
0.09999999999999999,0.11538461538461539,0.5714285714285714,0.192,0.678343949044586
0.10999999999999999,0.11538461538461539,0.5714285714285714,0.192,0.678343949044586
0.12,0.12121212121212122,0.5714285714285714,0.2,0.6942675159235668
0.13,0.12371134020618557,0.5714285714285714,0.2033898305084746,0.7006369426751592
0.13999999999999999,0.12631578947368421,0.5714285714285714,0.20689655172413793,0.7070063694267515
0.14999999999999997,0.12222222222222222,0.5238095238095238,0.1981981981981982,0.7165605095541401
0.15999999999999998,0.12941176470588237,0.5238095238095238,0.20754716981132076,0.732484076433121
0.16999999999999998,0.13414634146341464,0.5238095238095238,0.21359223300970873,0.7420382165605095
0.18,0.13414634146341464,0.5238095238095238,0.21359223300970873,0.7420382165605095
0.19,0.125,0.47619047619047616,0.19801980198019803,0.7420382165605095
0.19999999999999996,0.1282051282051282,0.47619047619047616,0.20202020202020202,0.7484076433121019
0.20999999999999996,0.13157894736842105,0.47619047619047616,0.20618556701030927,0.7547770700636943
0.21999999999999997,0.13157894736842105,0.47619047619047616,0.20618556701030927,0.7547770700636943
0.22999999999999998,0.13513513513513514,0.47619047619047616,0.21052631578947367,0.7611464968152867
0.24,0.136986301369863,0.47619047619047616,0.2127659574468085,0.7643312101910829
0.24999999999999994,0.1388888888888889,0.47619047619047616,0.21505376344086022,0.767515923566879
0.25999999999999995,0.1388888888888889,0.47619047619047616,0.21505376344086022,0.767515923566879
0.26999999999999996,0.1388888888888889,0.47619047619047616,0.21505376344086022,0.767515923566879
0.27999999999999997,0.14084507042253522,0.47619047619047616,0.21739130434782608,0.7707006369426752
0.29,0.14084507042253522,0.47619047619047616,0.21739130434782608,0.7707006369426752
0.3,0.14285714285714285,0.47619047619047616,0.21978021978021978,0.7738853503184714
0.30999999999999994,0.14492753623188406,0.47619047619047616,0.2222222222222222,0.7770700636942676
0.31999999999999995,0.14705882352941177,0.47619047619047616,0.2247191011235955,0.7802547770700637
0.32999999999999996,0.15384615384615385,0.47619047619047616,0.23255813953488372,0.7898089171974523
0.33999999999999997,0.15625,0.47619047619047616,0.23529411764705882,0.7929936305732485
0.3499999999999999,0.15625,0.47619047619047616,0.23529411764705882,0.7929936305732485
0.35999999999999993,0.15625,0.47619047619047616,0.23529411764705882,0.7929936305732485
0.36999999999999994,0.15873015873015872,0.47619047619047616,0.23809523809523808,0.7961783439490446
0.37999999999999995,0.16129032258064516,0.47619047619047616,0.24096385542168675,0.7993630573248408
0.38999999999999996,0.16666666666666666,0.47619047619047616,0.24691358024691357,0.8057324840764332
0.3999999999999999,0.15789473684210525,0.42857142857142855,0.23076923076923078,0.8089171974522293
0.4099999999999999,0.15789473684210525,0.42857142857142855,0.23076923076923078,0.8089171974522293
0.41999999999999993,0.14285714285714285,0.38095238095238093,0.2077922077922078,0.8057324840764332
0.42999999999999994,0.14545454545454545,0.38095238095238093,0.21052631578947367,0.8089171974522293
0.43999999999999995,0.14814814814814814,0.38095238095238093,0.21333333333333335,0.8121019108280255
0.4499999999999999,0.15384615384615385,0.38095238095238093,0.2191780821917808,0.8184713375796179
0.4599999999999999,0.16,0.38095238095238093,0.22535211267605634,0.8248407643312102
0.4699999999999999,0.16,0.38095238095238093,0.22535211267605634,0.8248407643312102
0.4799999999999999,0.16326530612244897,0.38095238095238093,0.22857142857142856,0.8280254777070064
0.48999999999999994,0.16326530612244897,0.38095238095238093,0.22857142857142856,0.8280254777070064
0.49999999999999994,0.16326530612244897,0.38095238095238093,0.22857142857142856,0.8280254777070064
0.5099999999999999,0.16326530612244897,0.38095238095238093,0.22857142857142856,0.8280254777070064
0.5199999999999999,0.1702127659574468,0.38095238095238093,0.23529411764705882,0.8343949044585988
0.5299999999999999,0.1702127659574468,0.38095238095238093,0.23529411764705882,0.8343949044585988
0.5399999999999999,0.17391304347826086,0.38095238095238093,0.23880597014925373,0.8375796178343949
0.5499999999999999,0.18604651162790697,0.38095238095238093,0.25,0.8471337579617835
0.5599999999999999,0.18604651162790697,0.38095238095238093,0.25,0.8471337579617835
0.57,0.19047619047619047,0.38095238095238093,0.25396825396825395,0.8503184713375797
0.58,0.2,0.38095238095238093,0.26229508196721313,0.856687898089172
0.59,0.20512820512820512,0.38095238095238093,0.26666666666666666,0.8598726114649682
0.6,0.20512820512820512,0.38095238095238093,0.26666666666666666,0.8598726114649682
0.61,0.21052631578947367,0.38095238095238093,0.2711864406779661,0.8630573248407644
0.62,0.1891891891891892,0.3333333333333333,0.2413793103448276,0.8598726114649682
0.63,0.1891891891891892,0.3333333333333333,0.2413793103448276,0.8598726114649682
0.6399999999999999,0.16666666666666666,0.2857142857142857,0.21052631578947367,0.856687898089172
0.6499999999999999,0.16666666666666666,0.2857142857142857,0.21052631578947367,0.856687898089172
0.6599999999999999,0.16666666666666666,0.2857142857142857,0.21052631578947367,0.856687898089172
0.6699999999999999,0.16666666666666666,0.2857142857142857,0.21052631578947367,0.856687898089172
0.6799999999999999,0.16666666666666666,0.2857142857142857,0.21052631578947367,0.856687898089172
0.69,0.17142857142857143,0.2857142857142857,0.21428571428571427,0.8598726114649682
0.7,0.18181818181818182,0.2857142857142857,0.2222222222222222,0.8662420382165605
0.71,0.1875,0.2857142857142857,0.22641509433962265,0.8694267515923567
0.72,0.1875,0.2857142857142857,0.22641509433962265,0.8694267515923567
0.73,0.1935483870967742,0.2857142857142857,0.23076923076923078,0.8726114649681529
0.74,0.1935483870967742,0.2857142857142857,0.23076923076923078,0.8726114649681529
0.7499999999999999,0.1935483870967742,0.2857142857142857,0.23076923076923078,0.8726114649681529
0.7599999999999999,0.1935483870967742,0.2857142857142857,0.23076923076923078,0.8726114649681529
0.7699999999999999,0.1724137931034483,0.23809523809523808,0.2,0.8726114649681529
0.7799999999999999,0.1724137931034483,0.23809523809523808,0.2,0.8726114649681529
0.7899999999999999,0.17857142857142858,0.23809523809523808,0.20408163265306123,0.8757961783439491
0.7999999999999999,0.17857142857142858,0.23809523809523808,0.20408163265306123,0.8757961783439491
0.8099999999999999,0.17857142857142858,0.23809523809523808,0.20408163265306123,0.8757961783439491
0.82,0.17857142857142858,0.23809523809523808,0.20408163265306123,0.8757961783439491
0.83,0.17857142857142858,0.23809523809523808,0.20408163265306123,0.8757961783439491
0.84,0.19230769230769232,0.23809523809523808,0.2127659574468085,0.8821656050955414
0.8499999999999999,0.16666666666666666,0.19047619047619047,0.17777777777777778,0.8821656050955414
0.8599999999999999,0.18181818181818182,0.19047619047619047,0.18604651162790697,0.8885350318471338
0.8699999999999999,0.19047619047619047,0.19047619047619047,0.19047619047619047,0.89171974522293
0.8799999999999999,0.19047619047619047,0.19047619047619047,0.19047619047619047,0.89171974522293
0.8899999999999999,0.19047619047619047,0.19047619047619047,0.19047619047619047,0.89171974522293
0.8999999999999999,0.2,0.19047619047619047,0.1951219512195122,0.8949044585987261
0.9099999999999999,0.15789473684210525,0.14285714285714285,0.15,0.89171974522293
0.9199999999999999,0.17647058823529413,0.14285714285714285,0.15789473684210525,0.8980891719745223
0.9299999999999999,0.125,0.09523809523809523,0.10810810810810811,0.8949044585987261
0.94,0.13333333333333333,0.09523809523809523,0.1111111111111111,0.8980891719745223
0.95,0.16666666666666666,0.09523809523809523,0.12121212121212122,0.9076433121019108
